{
  "0": [
    -76.87577671428572,
    -102.02952457142855
  ],
  "1": [
    -76.99328799999999,
    -101.73043242857145
  ]
}